"Epic","Wave","HighestPhase","HasLamport","HasManifest","Phase0","Phase1","Phase1_5","Phase2","Phase3","Phase4"
"EPIC-CCN-001","Wave 4/5","Phase 0","False","True","True","False","False","False","False","False"
"EPIC-CCN-002","Wave 4/5","Phase 0","False","True","True","False","False","False","False","False"
"EPIC-CCN-003","Wave 4/5","Phase 4","False","True","True","True","True","True","True","True"
"EPIC-CCN-004","Wave 4/5","Phase 0","False","True","True","False","False","False","False","False"
"EPIC-CCN-005","Wave 4/5","Phase 4","False","True","True","False","True","True","True","True"
"EPIC-CCN-006","Wave 4/5","Phase 4","False","True","True","False","True","True","True","True"
"EPIC-CCN-007","Wave 4/5","Phase 4","False","True","True","False","True","True","True","True"
"EPIC-CCN-008","Wave 4/5","Phase 4","False","True","True","False","True","True","True","True"
"EPIC-CCN-009","Wave 4/5","Phase 4","False","True","True","False","True","True","True","True"
"EPIC-CCN-010","Wave 4/5","Phase 4","False","True","True","False","True","True","True","True"
"EPIC-CCN-011","Wave 4/5","Phase 4","False","True","True","False","True","True","True","True"
"EPIC-CCN-012","Wave 4/5","Phase 4","False","True","True","False","True","True","True","True"
"EPIC-CCN-013","Wave 4/5","Phase 4","False","True","True","False","True","True","True","True"
"EPIC-CCN-014","Wave 4/5","Phase 4","False","True","True","False","True","True","True","True"
"EPIC-CCN-015","Wave 4/5","Phase 4","False","True","True","False","True","True","True","True"
"EPIC-CCN-016","Wave 4/5","Phase 4","False","True","True","False","True","True","True","True"
"EPIC-CCN-017","Wave 4/5","Phase 4","False","True","True","False","True","True","True","True"
"EPIC-CCN-018","Wave 4/5","Phase 4","False","True","True","False","False","True","True","True"
"EPIC-CCN-019","Wave 4/5","Phase 4","False","True","True","False","True","True","True","True"
"EPIC-CCN-020","Wave 4/5","Phase 4","False","True","True","False","True","True","True","True"
"EPIC-CCN-021","Wave 4/5","Phase 4","False","True","True","False","True","True","True","True"
"EPIC-CCN-022","Wave 4/5","Phase 4","False","True","True","False","False","True","True","True"
"EPIC-CCN-023","Wave 4/5","Phase 4","False","True","True","False","True","True","True","True"
"EPIC-CCN-024","Wave 4/5","Phase 4","False","True","True","False","True","True","True","True"
"EPIC-CCN-025","Wave 4/5","Phase 4","False","True","True","False","True","True","True","True"
"EPIC-CCN-026","Wave 4/5","Phase 4","False","True","True","False","True","True","True","True"
"EPIC-CCN-027","Wave 4/5","Phase 4","False","True","True","False","True","True","True","True"
"EPIC-CCN-028","Wave 4/5","Phase 4","False","True","True","False","True","True","True","True"
"EPIC-CCN-029","Wave 4/5","Phase 4","False","True","True","False","True","False","False","True"
"EPIC-CCN-030","Wave 4/5","Phase 4","False","True","True","False","True","True","True","True"
"EPIC-CCN-031","Wave 4/5","Phase 4","False","True","True","False","True","True","True","True"
"EPIC-CCN-032","Wave 4/5","Phase 4","False","True","True","False","True","True","True","True"
"EPIC-CCN-033","Wave 4/5","Phase 4","False","True","True","False","True","True","True","True"
"EPIC-CCN-034","Wave 4/5","Phase 4","False","True","True","False","True","True","True","True"
"EPIC-CCN-035","Wave 4/5","Phase 4","False","True","True","False","True","True","True","True"
"EPIC-CCN-036","Wave 4/5","Phase 4","False","True","True","False","True","True","True","True"
"EPIC-CCN-037","Wave 4/5","Phase 4","False","True","True","False","True","True","True","True"
"EPIC-CCN-038","Wave 4/5","Phase 4","False","True","True","False","True","True","True","True"
"EPIC-CCN-039","Wave 4/5","Phase 4","False","True","True","False","True","True","True","True"
"EPIC-CCN-040","Wave 4/5","Phase 4","False","True","True","False","True","True","True","True"
"EPIC-CCN-041","Wave 4/5","Phase 4","False","True","True","False","True","True","True","True"
"EPIC-CCN-042","Wave 4/5","Phase 4","False","True","True","False","True","True","True","True"
"EPIC-CCN-043","Wave 4/5","Phase 4","False","True","True","False","True","True","True","True"
"EPIC-CCN-044","Wave 4/5","Phase 4","False","True","True","False","True","True","True","True"
"EPIC-CCN-045","Wave 4/5","Phase 4","False","True","True","False","True","True","True","True"
"EPIC-CCN-046","Wave 4/5","Phase 4","False","True","True","False","True","True","True","True"
"EPIC-CCN-047","Wave 4/5","Phase 4","False","True","True","False","True","True","True","True"
"EPIC-CCN-048","Wave 4/5","Phase 4","False","True","True","False","True","True","True","True"
"EPIC-CCN-049","Wave 4/5","Phase 4","False","True","True","False","True","True","True","True"
"EPIC-CCN-050","Wave 4/5","Phase 4","False","True","True","False","True","True","True","True"
"EPIC-CCN-051","Wave 4/5","Phase 4","False","True","True","False","True","True","True","True"
"EPIC-CCN-052","Wave 4/5","Phase 4","False","True","True","False","True","True","True","True"
"EPIC-CCN-053","Wave 4/5","Phase 4","False","True","True","False","True","True","True","True"
"EPIC-CCN-054","Wave 4/5","Phase 4","False","True","True","False","True","True","True","True"
"EPIC-CCN-055","Wave 4/5","Phase 4","False","True","True","False","True","True","True","True"
"EPIC-CCN-056","Wave 4/5","Phase 4","False","True","True","False","True","True","True","True"
"EPIC-CCN-057","Wave 4/5","Phase 4","False","True","True","False","True","True","True","True"
"EPIC-CCN-058","Wave 4/5","Phase 4","False","True","True","False","True","True","True","True"
"EPIC-CCN-059","Wave 4/5","Phase 4","False","True","True","False","True","False","True","True"
"EPIC-CCN-060","Wave 4/5","Phase 4","False","True","True","False","True","True","True","True"
"EPIC-CCN-061","Wave 4/5","Phase 4","False","True","True","False","True","True","True","True"
"EPIC-CCN-062","Wave 4/5","Phase 4","False","True","True","False","True","True","False","True"
"EPIC-CCN-063","Wave 4/5","Phase 4","False","True","True","False","True","True","False","True"
"EPIC-CCN-064","Wave 4/5","Phase 4","False","True","True","False","True","True","False","True"
"EPIC-CCN-065","Wave 4/5","Phase 4","False","True","True","False","True","True","False","True"
"EPIC-CCN-066","Wave 4/5","Phase 4","False","True","True","False","True","True","False","True"
"EPIC-CCN-067","Wave 4/5","Phase 4","False","True","True","False","True","True","False","True"
"EPIC-CCN-068","Wave 4/5","Phase 4","False","True","True","False","True","True","False","True"
"EPIC-CCN-069","Wave 4/5","Phase 4","False","True","True","False","True","True","False","True"
"EPIC-CCN-070","Wave 4/5","Phase 4","False","True","True","False","True","True","True","True"
"EPIC-CCN-071","Wave 4/5","Phase 4","False","True","True","False","True","True","False","True"
"EPIC-CCN-072","Wave 4/5","Phase 4","False","True","True","False","True","True","False","True"
"EPIC-CCN-073","Wave 4/5","Phase 4","False","True","True","False","True","True","False","True"
"EPIC-CCN-074","Wave 4/5","Phase 4","False","True","True","False","True","True","True","True"
"EPIC-CCN-075","Wave 4/5","Phase 4","False","True","True","False","True","True","True","True"
"EPIC-CCN-076","Wave 4/5","Phase 4","False","True","True","False","True","True","False","True"
"EPIC-CCN-077","Wave 4/5","Phase 4","False","True","True","False","True","False","True","True"
"EPIC-CCN-078","Wave 4/5","Phase 4","False","True","True","False","True","True","False","True"
"EPIC-CCN-079","Wave 4/5","Phase 4","False","True","True","False","True","True","False","True"
"EPIC-CCN-080","Wave 4/5","Phase 4","False","True","True","False","True","True","False","True"
"EPIC-CCN-1","Unknown","None","False","False","False","False","False","False","False","False"
"EPIC-CCN-10","Unknown","None","False","False","False","False","False","False","False","False"
"EPIC-CCN-107","Wave 4/5","Phase 4","False","True","True","True","True","True","True","True"
"EPIC-CCN-108","Wave 4/5","Phase 4","False","True","True","True","True","True","True","True"
"EPIC-CCN-109","Wave 4/5","Phase 4","False","True","True","True","True","True","True","True"
"EPIC-CCN-11","Unknown","None","False","False","False","False","False","False","False","False"
"EPIC-CCN-110","Wave 4/5","Phase 4","False","True","True","True","True","True","True","True"
"EPIC-CCN-111","Wave 4/5","Phase 4","False","True","True","True","True","True","True","True"
"EPIC-CCN-112","Wave 4/5","Phase 4","False","True","True","True","True","True","True","True"
"EPIC-CCN-113","Wave 4/5","Phase 4","False","True","True","True","True","True","True","True"
"EPIC-CCN-114","Wave 4/5","Phase 4","False","True","True","True","True","True","True","True"
"EPIC-CCN-115","Wave 4/5","Phase 4","False","True","True","True","True","True","True","True"
"EPIC-CCN-116","Wave 4/5","Phase 4","False","True","True","True","False","False","True","True"
"EPIC-CCN-117","Wave 4/5","Phase 4","False","True","True","True","False","False","True","True"
"EPIC-CCN-118","Wave 4/5","Phase 4","False","True","True","True","False","False","True","True"
"EPIC-CCN-119","Wave 4/5","Phase 4","False","True","True","True","False","False","True","True"
"EPIC-CCN-12","Unknown","None","False","False","False","False","False","False","False","False"
"EPIC-CCN-120","Wave 4/5","Phase 4","False","True","True","True","False","False","True","True"
"EPIC-CCN-121","Wave 4/5","Phase 4","False","True","True","True","False","False","True","True"
"EPIC-CCN-122","Wave 4/5","Phase 4","False","True","True","True","False","False","True","True"
"EPIC-CCN-123","Wave 4/5","Phase 4","False","True","True","True","False","False","True","True"
"EPIC-CCN-124","Wave 4/5","Phase 4","False","True","True","True","False","False","True","True"
"EPIC-CCN-125","Wave 4/5","Phase 4","False","True","True","False","False","False","True","True"
"EPIC-CCN-128","Wave 4/5","Phase 4","False","True","True","True","True","True","True","True"
"EPIC-CCN-129","Wave 4/5","Phase 4","False","True","True","True","True","True","True","True"
"EPIC-CCN-13","Wave 4/5","Phase 1","False","False","False","True","False","False","False","False"
"EPIC-CCN-14","Wave 4/5","Phase 1","False","False","False","True","False","False","False","False"
"EPIC-CCN-15","Unknown","None","False","False","False","False","False","False","False","False"
"EPIC-CCN-155","Wave 4/5","Phase 4","False","True","True","True","True","True","True","True"
"EPIC-CCN-16","Wave 4/5","Phase 1","False","True","True","True","False","False","False","False"
"EPIC-CCN-164","Wave 4/5","Phase 1","False","True","True","True","False","False","False","False"
"EPIC-CCN-17","Wave 4/5","Phase 4","False","True","True","True","True","True","False","True"
"EPIC-CCN-18","Wave 4/5","Phase 4","False","True","True","True","True","True","True","True"
"EPIC-CCN-19","Wave 4/5","Phase 4","False","True","True","True","True","True","True","True"
"EPIC-CCN-2","Wave 4/5","Phase 1","False","False","False","True","False","False","False","False"
"EPIC-CCN-20","Unknown","None","False","False","False","False","False","False","False","False"
"EPIC-CCN-21","Wave 4/5","Phase 4","False","True","True","False","True","True","True","True"
"EPIC-CCN-22","Unknown","None","False","False","False","False","False","False","False","False"
"EPIC-CCN-26","Wave 4/5","Phase 0","False","True","True","False","False","False","False","False"
"EPIC-CCN-51","Wave 4/5","Phase 1","False","False","False","True","False","False","False","False"
"EPIC-CCN-98","Wave 4/5","Phase 4","False","True","True","True","True","True","True","True"
