"Epic","File","Method","CYC","Phase0","Phase1","Special","Source"
"EPIC-CCN-001","V12_002.Symmetry.Replace.cs","SymmetryGuardReplaceExistingFollowerTarget","18","True","False","","Wave6"
"EPIC-CCN-002","V12_002.Symmetry.Replace.cs","SymmetryGuardTryResolveFollowersForDispatch","18","True","False","","Wave6"
"EPIC-CCN-003","V12_002.Symmetry.Replace.cs","SymmetryGuardTryResolveFollowersForDispatch","18","True","True","Local (.dll)","Wave6"
"EPIC-CCN-004","V12_002.UI.Compliance.cs","HandleFleetTargetFill","16","True","False","","Wave6"
"EPIC-CCN-005","V12_002.SIMA.Lifecycle.cs","ClassifyAndRouteFleetOrder","16","True","False","","Wave6"
"EPIC-CCN-006","V12_002.SIMA.Lifecycle.cs","AdoptFleetWorkingOrders","17","True","False","","Wave6"
"EPIC-CCN-007","V12_002.SIMA.Shadow.cs","ShadowPropagateStopMoves","20","True","False","","Wave6"
"EPIC-CCN-008","V12_002.UI.Panel.Handlers.cs","UpdateTargetVisibility","19","True","False","","Wave6"
"EPIC-CCN-009","V12_002.UI.Panel.Helpers.cs","FindChartTraderViaChartTab","20","True","False","","Wave6"
"EPIC-CCN-010","V12_002.UI.Panel.Handlers.cs","ShowModeSpecificControls","20","True","False","","Wave6"
"EPIC-CCN-011","V12_002.UI.Panel.Construction.cs","DestroyPanel","17","True","False","","Wave6"
"EPIC-CCN-012","V12_002.UI.Panel.StateSync.cs","SyncPanelConfigFromSnapshot","15","True","False","","Wave6"
"EPIC-CCN-013","V12_002.UI.Panel.StateSync.cs","UpdatePanelState","16","True","False","","Wave6"
"EPIC-CCN-014","V12_002.UI.Panel.StateSync.cs","UpdatePanelState","16","True","False","","Wave6"
"EPIC-CCN-015","V12_002.UI.Panel.StateSync.cs","UpdatePanelState","16","True","False","","Wave6"
"EPIC-CCN-016","V12_002.UI.IPC.Commands.Fleet.cs","TryHandleFleet_CancelAll","19","True","False","","Wave6"
"EPIC-CCN-017","V12_002.UI.IPC.Commands.Config.cs","TryApplyConfigTarget_Value","17","True","False","","Wave6"
"EPIC-CCN-018","V12_002.UI.IPC.cs","IsSymbolMatch","18","True","False","","Wave6"
"EPIC-CCN-019","V12_002.UI.IPC.Commands.Fleet.cs","TryHandleFleet_MoveTarget","15","True","False","","Wave6"
"EPIC-CCN-020","V12_002.Orders.Callbacks.cs","HandleSecondaryOrderFilled","21","True","False","","Wave6"
"EPIC-CCN-021","V12_002.Orders.Callbacks.cs","ProcessOnOrderUpdate","19","True","False","","Wave6"
"EPIC-CCN-022","V12_002.Orders.Callbacks.Propagation.cs","PropagateMaster_IdentifyMove","18","True","False","","Wave6"
"EPIC-CCN-023","V12_002.Orders.Callbacks.Execution.cs","HandleFlatPosition_CleanupActivePositions","17","True","False","","Wave6"
"EPIC-CCN-024","V12_002.Entries.RMA.cs","MonitorRmaProximity","17","True","False","","Wave6"
"EPIC-CCN-025","V12_002.Entries.FFMA.cs","CheckFFMAConditions","16","True","False","","Wave6"
"EPIC-CCN-026","V12_002.Orders.Callbacks.AccountOrders.cs","ProcessQueuedAccountOrder","15","True","False","","Wave6"
"EPIC-CCN-027","V12_002.SIMA.Dispatch.cs","Dispatch_PublishMarketBracketToPhoton","21","True","False","","Wave6"
"EPIC-CCN-028","V12_002.SIMA.Flatten.cs","ProcessFlattenWorkItem_CancelOrders","18","True","False","","Wave6"
"EPIC-CCN-029","V12_002.SIMA.Fleet.cs","ShouldSkipFleet_RunHealthCheck","31","True","False","","Wave6"
"EPIC-CCN-030","V12_002.Orders.Management.Cleanup.cs","ValidateOrphanedMasterOrders","19","True","False","","Wave6"
"EPIC-CCN-031","V12_002.REAPER.Audit.cs","AuditMaster_HandleNakedPosition","15","True","False","","Wave6"
"EPIC-CCN-032","V12_002.Orders.Management.StopSync.cs","RestoreCascadedTargets","16","True","False","","Wave6"
"EPIC-CCN-033","V12_002.Orders.Management.StopSync.cs","RestoreCascadedTargets","16","True","False","","Wave6"
"EPIC-CCN-034","V12_002.Orders.Management.Flatten.cs","ManageCIT","19","True","False","","Wave6"
"EPIC-CCN-035","V12_002.Orders.Management.StopSync.cs","SyncLimitTarget","17","True","False","","Wave6"
"EPIC-CCN-036","V12_002.Orders.Management.StopSync.cs","SyncLimitTarget","17","True","False","","Wave6"
"EPIC-CCN-037","V12_002.Symmetry.Replace.cs","SymmetryNormalizeTradeType","10","True","False","","Wave6"
"EPIC-CCN-038","V12_002.Trailing.Breakeven.cs","MoveSpecificTarget","12","True","False","","Wave6"
"EPIC-CCN-039","V12_002.Trailing.cs","ManageTrailingStops","13","True","False","","Wave6"
"EPIC-CCN-040","V12_002.Trailing.Breakeven.cs","FindTargetOrderForPosition","9","True","False","","Wave6"
"EPIC-CCN-041","V12_002.Symmetry.Replace.cs","SymmetryGuardPruneDispatches","10","True","False","","Wave6"
"EPIC-CCN-042","V12_002.Symmetry.Follower.cs","SymmetryGuardOnFollowerFill","11","True","False","","Wave6"
"EPIC-CCN-043","V12_002.Symmetry.Follower.cs","SymmetryGuardSubmitFollowerBracket","12","True","False","","Wave6"
"EPIC-CCN-044","V12_002.Symmetry.Replace.cs","SymmetryGuardCascadeFollowerCleanup","10","True","False","","Wave6"
"EPIC-CCN-045","V12_002.UI.Callbacks.cs","OnKeyDown","9","True","False","","Wave6"
"EPIC-CCN-046","V12_002.UI.Callbacks.cs","HandleChartClick_ConvertPrice","9","True","False","","Wave6"
"EPIC-CCN-047","V12_002.UI.Compliance.cs","CancelOrphanedTargets","14","True","False","","Wave6"
"EPIC-CCN-048","V12_002.Trailing.StopUpdate.cs","UpdateExistingPendingReplacement","9","True","False","","Wave6"
"EPIC-CCN-049","V12_002.Trailing.cs","ManageTrail_RunPerTradeBranches","9","True","False","","Wave6"
"EPIC-CCN-050","V12_002.Trailing.cs","FleetSync_SyncFollowersToLevel","9","True","False","","Wave6"
"EPIC-CCN-051","V12_002.Trailing.StopUpdate.cs","UpdateStopOrder","11","True","False","","Wave6"
"EPIC-CCN-052","V12_002.Trailing.StopUpdate.cs","CleanupStalePendingReplacements","9","True","False","","Wave6"
"EPIC-CCN-053","V12_002.Trailing.StopUpdate.cs","InitiateStopReplacement","10","True","False","","Wave6"
"EPIC-CCN-054","V12_002.Symmetry.Follower.cs","SymmetryGuardTryResolveFollower","12","True","False","","Wave6"
"EPIC-CCN-055","V12_002.SIMA.Lifecycle.cs","DrainPhotonQueuesOnShutdown","11","True","False","","Wave6"
"EPIC-CCN-056","V12_002.SIMA.Lifecycle.cs","SweepBrokerOrders","12","True","False","","Wave6"
"EPIC-CCN-057","V12_002.SIMA.Lifecycle.cs","ShouldProtectBracketOrder","10","True","False","","Wave6"
"EPIC-CCN-058","V12_002.SIMA.Lifecycle.cs","HydrateFSM_MapOrderStateToFsmState","9","True","False","","Wave6"
"EPIC-CCN-059","V12_002.SIMA.Lifecycle.cs","AdoptMasterWorkingOrders","9","True","False","","Wave6"
"EPIC-CCN-060","V12_002.SIMA.Lifecycle.cs","SweepTrackedOrders","12","True","False","","Wave6"
"EPIC-CCN-061","V12_002.SIMA.Fleet.cs","SubmitAndRegisterFleetOrders","11","True","False","","Wave6"
"EPIC-CCN-062","V12_002.SIMA.Fleet.cs","ProcessFleetSlot","11","True","False","","Wave6"
"EPIC-CCN-063","V12_002.SIMA.Fleet.cs","DrainAllDispatchQueuesOnAbort","11","True","False","","Wave6"
"EPIC-CCN-064","V12_002.Symmetry.BracketFSM.cs","ResolveFsm_ByScan","12","True","False","","Wave6"
"EPIC-CCN-065","V12_002.Symmetry.BracketFSM.cs","HandleFsmFilled","13","True","False","","Wave6"
"EPIC-CCN-066","V12_002.Symmetry.BracketFSM.cs","RemoveFsmOrderIdMappings","11","True","False","","Wave6"
"EPIC-CCN-067","V12_002.Symmetry.cs","SymmetryFindDispatchForMasterFill","9","True","False","","Wave6"
"EPIC-CCN-068","V12_002.Symmetry.cs","SymmetryGuardOnMasterFill","14","True","False","","Wave6"
"EPIC-CCN-069","V12_002.Symmetry.BracketFSM.cs","GetFsmExpectedPosition","14","True","False","","Wave6"
"EPIC-CCN-070","V12_002.SIMA.Lifecycle.cs","HydrateFSMsFromWorkingOrders","9","True","False","","Wave6"
"EPIC-CCN-071","V12_002.SIMA.Shadow.cs","ShadowProcessFollowerStopUpdate","12","True","False","","Wave6"
"EPIC-CCN-072","V12_002.Symmetry.BracketFSM.cs","ProcessBracketEvent","14","True","False","","Wave6"
"EPIC-CCN-073","V12_002.StickyState.cs","DeserializeSnapshot","9","True","False","","Wave6"
"EPIC-CCN-074","V12_002.UI.Panel.Handlers.cs","AttachExecutionPanelHandlers","12","True","False","","Wave6"
"EPIC-CCN-075","V12_002.UI.Panel.Handlers.cs","OnSubmitClick","12","True","False","","Wave6"
"EPIC-CCN-076","V12_002.UI.Panel.Handlers.cs","CollapseAllExecutionControls","11","True","False","","Wave6"
"EPIC-CCN-077","V12_002.UI.IPC.Server.cs","ProcessClientStream","9","True","False","","Wave6"
"EPIC-CCN-078","V12_002.UI.IPC.Server.cs","StopIpcServer","12","True","False","","Wave6"
"EPIC-CCN-079","V12_002.UI.Panel.Construction.cs","CreateSection0_Identity","13","True","False","","Wave6"
"EPIC-CCN-080","V12_002.UI.Panel.Construction.cs","PlacePanel","13","True","False","","Wave6"
