"Epic","Path","Phase0","Special"
"EPIC-CCN-001","docs/brain/EPIC-CCN-001","True",""
"EPIC-CCN-002","docs/brain/EPIC-CCN-002","True",""
"EPIC-CCN-003","docs/brain/EPIC-CCN-003","True","Local (.dll)"
"EPIC-CCN-004","docs/brain/EPIC-CCN-004","True",""
"EPIC-CCN-005","docs/brain/EPIC-CCN-005","True",""
"EPIC-CCN-006","docs/brain/EPIC-CCN-006","True",""
"EPIC-CCN-007","docs/brain/EPIC-CCN-007","True",""
"EPIC-CCN-008","docs/brain/EPIC-CCN-008","True",""
"EPIC-CCN-009","docs/brain/EPIC-CCN-009","True",""
"EPIC-CCN-010","docs/brain/EPIC-CCN-010","True",""
"EPIC-CCN-011","docs/brain/EPIC-CCN-011","True",""
"EPIC-CCN-012","docs/brain/EPIC-CCN-012","True",""
"EPIC-CCN-013","docs/brain/EPIC-CCN-013","True",""
"EPIC-CCN-014","docs/brain/EPIC-CCN-014","True",""
"EPIC-CCN-015","docs/brain/EPIC-CCN-015","True",""
"EPIC-CCN-016","docs/brain/EPIC-CCN-016","True",""
"EPIC-CCN-017","docs/brain/EPIC-CCN-017","True",""
"EPIC-CCN-018","docs/brain/EPIC-CCN-018","True",""
"EPIC-CCN-019","docs/brain/EPIC-CCN-019","True",""
"EPIC-CCN-020","docs/brain/EPIC-CCN-020","True",""
"EPIC-CCN-021","docs/brain/EPIC-CCN-021","True",""
"EPIC-CCN-022","docs/brain/EPIC-CCN-022","True",""
"EPIC-CCN-023","docs/brain/EPIC-CCN-023","True",""
"EPIC-CCN-025","docs/brain/EPIC-CCN-025","True",""
"EPIC-CCN-026","docs/brain/EPIC-CCN-026","True",""
"EPIC-CCN-028","docs/brain/EPIC-CCN-028","True",""
"EPIC-CCN-029","docs/brain/EPIC-CCN-029","True",""
"EPIC-CCN-030","docs/brain/EPIC-CCN-030","True",""
"EPIC-CCN-031","docs/brain/EPIC-CCN-031","True",""
"EPIC-CCN-032","docs/brain/EPIC-CCN-032","True",""
"EPIC-CCN-033","docs/brain/EPIC-CCN-033","True",""
"EPIC-CCN-034","docs/brain/EPIC-CCN-034","True",""
"EPIC-CCN-035","docs/brain/EPIC-CCN-035","True",""
"EPIC-CCN-036","docs/brain/EPIC-CCN-036","True",""
"EPIC-CCN-037","docs/brain/EPIC-CCN-037","True",""
"EPIC-CCN-038","docs/brain/EPIC-CCN-038","True",""
"EPIC-CCN-039","docs/brain/EPIC-CCN-039","True",""
"EPIC-CCN-040","docs/brain/EPIC-CCN-040","True",""
"EPIC-CCN-041","docs/brain/EPIC-CCN-041","True",""
"EPIC-CCN-042","docs/brain/EPIC-CCN-042","True",""
"EPIC-CCN-043","docs/brain/EPIC-CCN-043","True",""
"EPIC-CCN-044","docs/brain/EPIC-CCN-044","True",""
"EPIC-CCN-045","docs/brain/EPIC-CCN-045","True",""
"EPIC-CCN-046","docs/brain/EPIC-CCN-046","True",""
"EPIC-CCN-047","docs/brain/EPIC-CCN-047","True",""
"EPIC-CCN-048","docs/brain/EPIC-CCN-048","True",""
"EPIC-CCN-049","docs/brain/EPIC-CCN-049","True",""
"EPIC-CCN-050","docs/brain/EPIC-CCN-050","True",""
"EPIC-CCN-051","docs/brain/EPIC-CCN-051","True",""
"EPIC-CCN-052","docs/brain/EPIC-CCN-052","True",""
"EPIC-CCN-053","docs/brain/EPIC-CCN-053","True",""
"EPIC-CCN-054","docs/brain/EPIC-CCN-054","True",""
"EPIC-CCN-055","docs/brain/EPIC-CCN-055","True",""
"EPIC-CCN-056","docs/brain/EPIC-CCN-056","True",""
"EPIC-CCN-057","docs/brain/EPIC-CCN-057","True",""
"EPIC-CCN-058","docs/brain/EPIC-CCN-058","True",""
"EPIC-CCN-059","docs/brain/EPIC-CCN-059","True",""
"EPIC-CCN-060","docs/brain/EPIC-CCN-060","True",""
"EPIC-CCN-061","docs/brain/EPIC-CCN-061","True",""
"EPIC-CCN-062","docs/brain/EPIC-CCN-062","True",""
"EPIC-CCN-063","docs/brain/EPIC-CCN-063","True",""
"EPIC-CCN-064","docs/brain/EPIC-CCN-064","True",""
"EPIC-CCN-065","docs/brain/EPIC-CCN-065","True",""
"EPIC-CCN-066","docs/brain/EPIC-CCN-066","True",""
"EPIC-CCN-067","docs/brain/EPIC-CCN-067","True",""
"EPIC-CCN-068","docs/brain/EPIC-CCN-068","True",""
"EPIC-CCN-069","docs/brain/EPIC-CCN-069","True",""
"EPIC-CCN-070","docs/brain/EPIC-CCN-070","True",""
"EPIC-CCN-071","docs/brain/EPIC-CCN-071","True",""
"EPIC-CCN-072","docs/brain/EPIC-CCN-072","True",""
"EPIC-CCN-073","docs/brain/EPIC-CCN-073","True",""
"EPIC-CCN-074","docs/brain/EPIC-CCN-074","True",""
"EPIC-CCN-075","docs/brain/EPIC-CCN-075","True",""
"EPIC-CCN-076","docs/brain/EPIC-CCN-076","True",""
"EPIC-CCN-077","docs/brain/EPIC-CCN-077","True",""
"EPIC-CCN-078","docs/brain/EPIC-CCN-078","True",""
"EPIC-CCN-079","docs/brain/EPIC-CCN-079","True",""
"EPIC-CCN-080","docs/brain/EPIC-CCN-080","True",""
