Time,Category,Message,
7/28/2026 12:17:34 AM,Position,Instrument='MES SEP26' Account='Sim102' Average price=0 Quantity=0 Market position=Flat Operation=Remove,
7/28/2026 12:17:34 AM,Order,Order='8baa485e5a864955b1a061578e6a42bd/Sim102' Name='PTT-BE-Target-2' New state='Cancelled' Instrument='MES SEP26' Action='Buy to cover' Limit price=7434.5 Stop price=0 Quantity=7 Type='Limit' Time in force=GTC Oco='PTT-BE-Sim1-29750-1' Filled=0 Fill price=0 Error='No error' Native error='',
7/28/2026 12:17:33 AM,Execution,Execution='2359d8261a46456c9f31050613bd6ab1' Instrument='MES SEP26' Account='Sim102' Exchange=Default Price=7437.5 Quantity=7 Market position=Long Operation=Operation_Add Order='04f82964f2c245c297eaace5d5b96421' Time='7/28/2026 12:17 AM',
7/28/2026 12:17:33 AM,Order,Order='8baa485e5a864955b1a061578e6a42bd/Sim102' Name='PTT-BE-Target-2' New state='Cancel submitted' Instrument='MES SEP26' Action='Buy to cover' Limit price=7434.5 Stop price=0 Quantity=7 Type='Limit' Time in force=GTC Oco='PTT-BE-Sim1-29750-1' Filled=0 Fill price=0 Error='No error' Native error='',
7/28/2026 12:17:33 AM,Order,Order='04f82964f2c245c297eaace5d5b96421/Sim102' Name='PTT-BE-Stop-2' New state='Filled' Instrument='MES SEP26' Action='Buy to cover' Limit price=0 Stop price=7437.5 Quantity=7 Type='Stop Market' Time in force=DAY Oco='PTT-BE-Sim1-29750-1' Filled=7 Fill price=7437.5 Error='No error' Native error='',
7/28/2026 12:17:33 AM,Position,Instrument='MES SEP26' Account='Sim102' Average price=7437.5 Quantity=7 Market position=Short Operation=Update,
7/28/2026 12:17:33 AM,Order,Order='9e48caf94e1942a59a176896458b36b4/Sim102' Name='PTT-BE-Target-1' New state='Cancelled' Instrument='MES SEP26' Action='Buy to cover' Limit price=7435 Stop price=0 Quantity=6 Type='Limit' Time in force=GTC Oco='PTT-BE-Sim1-29750-0' Filled=0 Fill price=0 Error='No error' Native error='',
7/28/2026 12:17:33 AM,Execution,Execution='5fa504b75c304486af76e3a730f81177' Instrument='MES SEP26' Account='Sim102' Exchange=Default Price=7437.5 Quantity=6 Market position=Long Operation=Operation_Add Order='653f298c3fcd40908f34eb151509224b' Time='7/28/2026 12:17 AM',
7/28/2026 12:17:33 AM,Order,Order='9e48caf94e1942a59a176896458b36b4/Sim102' Name='PTT-BE-Target-1' New state='Cancel submitted' Instrument='MES SEP26' Action='Buy to cover' Limit price=7435 Stop price=0 Quantity=6 Type='Limit' Time in force=GTC Oco='PTT-BE-Sim1-29750-0' Filled=0 Fill price=0 Error='No error' Native error='',
7/28/2026 12:17:33 AM,Order,Order='653f298c3fcd40908f34eb151509224b/Sim102' Name='PTT-BE-Stop-1' New state='Filled' Instrument='MES SEP26' Action='Buy to cover' Limit price=0 Stop price=7437.5 Quantity=6 Type='Stop Market' Time in force=DAY Oco='PTT-BE-Sim1-29750-0' Filled=6 Fill price=7437.5 Error='No error' Native error='',
7/28/2026 12:17:33 AM,Order,Order='04f82964f2c245c297eaace5d5b96421/Sim102' Name='PTT-BE-Stop-2' New state='Working' Instrument='MES SEP26' Action='Buy to cover' Limit price=0 Stop price=7437.5 Quantity=7 Type='Stop Market' Time in force=DAY Oco='PTT-BE-Sim1-29750-1' Filled=0 Fill price=0 Error='No error' Native error='',
7/28/2026 12:17:33 AM,Order,Order='653f298c3fcd40908f34eb151509224b/Sim102' Name='PTT-BE-Stop-1' New state='Working' Instrument='MES SEP26' Action='Buy to cover' Limit price=0 Stop price=7437.5 Quantity=6 Type='Stop Market' Time in force=DAY Oco='PTT-BE-Sim1-29750-0' Filled=0 Fill price=0 Error='No error' Native error='',
7/28/2026 12:17:32 AM,Order,Order='8baa485e5a864955b1a061578e6a42bd/Sim102' Name='PTT-BE-Target-2' New state='Working' Instrument='MES SEP26' Action='Buy to cover' Limit price=7434.5 Stop price=0 Quantity=7 Type='Limit' Time in force=GTC Oco='PTT-BE-Sim1-29750-1' Filled=0 Fill price=0 Error='No error' Native error='',
7/28/2026 12:17:32 AM,Order,Order='8baa485e5a864955b1a061578e6a42bd/Sim102' Name='PTT-BE-Target-2' New state='Accepted' Instrument='MES SEP26' Action='Buy to cover' Limit price=7434.5 Stop price=0 Quantity=7 Type='Limit' Time in force=GTC Oco='PTT-BE-Sim1-29750-1' Filled=0 Fill price=0 Error='No error' Native error='',
7/28/2026 12:17:32 AM,Order,Order='04f82964f2c245c297eaace5d5b96421/Sim102' Name='PTT-BE-Stop-2' New state='Accepted' Instrument='MES SEP26' Action='Buy to cover' Limit price=0 Stop price=7437.5 Quantity=7 Type='Stop Market' Time in force=DAY Oco='PTT-BE-Sim1-29750-1' Filled=0 Fill price=0 Error='No error' Native error='',
7/28/2026 12:17:32 AM,Order,Order='e3160854358f490ab92049d613e8b28d/Sim102' Name='Stop1' New state='Cancelled' Instrument='MES SEP26' Action='Buy to cover' Limit price=0 Stop price=7443.5 Quantity=6 Type='Stop Market' Time in force=GTC Oco='ae68e9f915a34b0bada5f7a586ca1afb' Filled=0 Fill price=0 Error='No error' Native error='',
7/28/2026 12:17:32 AM,Order,Order='9e48caf94e1942a59a176896458b36b4/Sim102' Name='PTT-BE-Target-1' New state='Working' Instrument='MES SEP26' Action='Buy to cover' Limit price=7435 Stop price=0 Quantity=6 Type='Limit' Time in force=GTC Oco='PTT-BE-Sim1-29750-0' Filled=0 Fill price=0 Error='No error' Native error='',
7/28/2026 12:17:32 AM,Order,Order='c5f03c759c6244d4896e9c71323299d9/Sim102' Name='Stop2' New state='Cancelled' Instrument='MES SEP26' Action='Buy to cover' Limit price=0 Stop price=7443.5 Quantity=7 Type='Stop Market' Time in force=GTC Oco='7cebd081196546c78ba5bf91665258c4' Filled=0 Fill price=0 Error='No error' Native error='',
7/28/2026 12:17:32 AM,Order,Order='9e48caf94e1942a59a176896458b36b4/Sim102' Name='PTT-BE-Target-1' New state='Accepted' Instrument='MES SEP26' Action='Buy to cover' Limit price=7435 Stop price=0 Quantity=6 Type='Limit' Time in force=GTC Oco='PTT-BE-Sim1-29750-0' Filled=0 Fill price=0 Error='No error' Native error='',
7/28/2026 12:17:32 AM,Order,Order='653f298c3fcd40908f34eb151509224b/Sim102' Name='PTT-BE-Stop-1' New state='Accepted' Instrument='MES SEP26' Action='Buy to cover' Limit price=0 Stop price=7437.5 Quantity=6 Type='Stop Market' Time in force=DAY Oco='PTT-BE-Sim1-29750-0' Filled=0 Fill price=0 Error='No error' Native error='',
7/28/2026 12:17:32 AM,Order,Order='5a7c232cf0764504b72a9f9f9ec9b18b/Sim102' Name='Target2' New state='Cancelled' Instrument='MES SEP26' Action='Buy to cover' Limit price=7434.5 Stop price=0 Quantity=7 Type='Limit' Time in force=GTC Oco='7cebd081196546c78ba5bf91665258c4' Filled=0 Fill price=0 Error='No error' Native error='',
7/28/2026 12:17:32 AM,Order,Order='70c4956937774d688896da07f18ecbdd/Sim102' Name='Target1' New state='Cancelled' Instrument='MES SEP26' Action='Buy to cover' Limit price=7435 Stop price=0 Quantity=6 Type='Limit' Time in force=GTC Oco='ae68e9f915a34b0bada5f7a586ca1afb' Filled=0 Fill price=0 Error='No error' Native error='',
7/28/2026 12:17:32 AM,Order,Order='8baa485e5a864955b1a061578e6a42bd/Sim102' Name='PTT-BE-Target-2' New state='Submitted' Instrument='MES SEP26' Action='Buy to cover' Limit price=7434.5 Stop price=0 Quantity=7 Type='Limit' Time in force=GTC Oco='PTT-BE-Sim1-29750-1' Filled=0 Fill price=0 Error='No error' Native error='',
7/28/2026 12:17:32 AM,Order,Order='04f82964f2c245c297eaace5d5b96421/Sim102' Name='PTT-BE-Stop-2' New state='Submitted' Instrument='MES SEP26' Action='Buy to cover' Limit price=0 Stop price=7437.5 Quantity=7 Type='Stop Market' Time in force=DAY Oco='PTT-BE-Sim1-29750-1' Filled=0 Fill price=0 Error='No error' Native error='',
7/28/2026 12:17:32 AM,Order,Order='9e48caf94e1942a59a176896458b36b4/Sim102' Name='PTT-BE-Target-1' New state='Submitted' Instrument='MES SEP26' Action='Buy to cover' Limit price=7435 Stop price=0 Quantity=6 Type='Limit' Time in force=GTC Oco='PTT-BE-Sim1-29750-0' Filled=0 Fill price=0 Error='No error' Native error='',
7/28/2026 12:17:32 AM,Order,Order='653f298c3fcd40908f34eb151509224b/Sim102' Name='PTT-BE-Stop-1' New state='Submitted' Instrument='MES SEP26' Action='Buy to cover' Limit price=0 Stop price=7437.5 Quantity=6 Type='Stop Market' Time in force=DAY Oco='PTT-BE-Sim1-29750-0' Filled=0 Fill price=0 Error='No error' Native error='',
7/28/2026 12:17:32 AM,Order,Order='c5f03c759c6244d4896e9c71323299d9/Sim102' Name='Stop2' New state='Cancel submitted' Instrument='MES SEP26' Action='Buy to cover' Limit price=0 Stop price=7443.5 Quantity=7 Type='Stop Market' Time in force=GTC Oco='7cebd081196546c78ba5bf91665258c4' Filled=0 Fill price=0 Error='No error' Native error='',
7/28/2026 12:17:32 AM,Order,Order='e3160854358f490ab92049d613e8b28d/Sim102' Name='Stop1' New state='Cancel submitted' Instrument='MES SEP26' Action='Buy to cover' Limit price=0 Stop price=7443.5 Quantity=6 Type='Stop Market' Time in force=GTC Oco='ae68e9f915a34b0bada5f7a586ca1afb' Filled=0 Fill price=0 Error='No error' Native error='',
7/28/2026 12:17:32 AM,Order,Order='5a7c232cf0764504b72a9f9f9ec9b18b/Sim102' Name='Target2' New state='Cancel submitted' Instrument='MES SEP26' Action='Buy to cover' Limit price=7434.5 Stop price=0 Quantity=7 Type='Limit' Time in force=GTC Oco='7cebd081196546c78ba5bf91665258c4' Filled=0 Fill price=0 Error='No error' Native error='',
7/28/2026 12:17:32 AM,Order,Order='70c4956937774d688896da07f18ecbdd/Sim102' Name='Target1' New state='Cancel submitted' Instrument='MES SEP26' Action='Buy to cover' Limit price=7435 Stop price=0 Quantity=6 Type='Limit' Time in force=GTC Oco='ae68e9f915a34b0bada5f7a586ca1afb' Filled=0 Fill price=0 Error='No error' Native error='',
7/28/2026 12:17:28 AM,Position,Instrument='MES SEP26' Account='Sim101' Average price=0 Quantity=0 Market position=Flat Operation=Remove,
7/28/2026 12:17:28 AM,Order,Order='0c23fff9678e4e239a623935b938bb76/Sim101' Name='PTT-BE-Target-2' New state='Cancelled' Instrument='MES SEP26' Action='Sell' Limit price=7440.5 Stop price=0 Quantity=7 Type='Limit' Time in force=GTC Oco='PTT-BE-Sim1-29750-1' Filled=0 Fill price=0 Error='No error' Native error='',
7/28/2026 12:17:28 AM,Execution,Execution='4d11b2e6366a46c29c1609846c14c4ea' Instrument='MES SEP26' Account='Sim101' Exchange=Default Price=7437.5 Quantity=7 Market position=Short Operation=Operation_Add Order='6897f116825b4b7ab7205b80b5e58a63' Time='7/28/2026 12:17 AM',
7/28/2026 12:17:28 AM,Order,Order='0c23fff9678e4e239a623935b938bb76/Sim101' Name='PTT-BE-Target-2' New state='Cancel submitted' Instrument='MES SEP26' Action='Sell' Limit price=7440.5 Stop price=0 Quantity=7 Type='Limit' Time in force=GTC Oco='PTT-BE-Sim1-29750-1' Filled=0 Fill price=0 Error='No error' Native error='',
7/28/2026 12:17:28 AM,Order,Order='6897f116825b4b7ab7205b80b5e58a63/Sim101' Name='PTT-BE-Stop-2' New state='Filled' Instrument='MES SEP26' Action='Sell' Limit price=0 Stop price=7437.5 Quantity=7 Type='Stop Market' Time in force=DAY Oco='PTT-BE-Sim1-29750-1' Filled=7 Fill price=7437.5 Error='No error' Native error='',
7/28/2026 12:17:28 AM,Position,Instrument='MES SEP26' Account='Sim101' Average price=7437.5 Quantity=7 Market position=Long Operation=Update,
7/28/2026 12:17:28 AM,Order,Order='e0b7ac3043b446819f679fa1084fb90c/Sim101' Name='PTT-BE-Target-1' New state='Cancelled' Instrument='MES SEP26' Action='Sell' Limit price=7440 Stop price=0 Quantity=6 Type='Limit' Time in force=GTC Oco='PTT-BE-Sim1-29750-0' Filled=0 Fill price=0 Error='No error' Native error='',
7/28/2026 12:17:28 AM,Order,Order='e0b7ac3043b446819f679fa1084fb90c/Sim101' Name='PTT-BE-Target-1' New state='Cancel submitted' Instrument='MES SEP26' Action='Sell' Limit price=7440 Stop price=0 Quantity=6 Type='Limit' Time in force=GTC Oco='PTT-BE-Sim1-29750-0' Filled=0 Fill price=0 Error='No error' Native error='',
7/28/2026 12:17:28 AM,Execution,Execution='b6f17d6914c445e78935ec9d46f83084' Instrument='MES SEP26' Account='Sim101' Exchange=Default Price=7437.5 Quantity=6 Market position=Short Operation=Operation_Add Order='da9326f1763f4017864da424f86cbcbd' Time='7/28/2026 12:17 AM',
7/28/2026 12:17:28 AM,Order,Order='da9326f1763f4017864da424f86cbcbd/Sim101' Name='PTT-BE-Stop-1' New state='Filled' Instrument='MES SEP26' Action='Sell' Limit price=0 Stop price=7437.5 Quantity=6 Type='Stop Market' Time in force=DAY Oco='PTT-BE-Sim1-29750-0' Filled=6 Fill price=7437.5 Error='No error' Native error='',
7/28/2026 12:17:28 AM,Order,Order='6897f116825b4b7ab7205b80b5e58a63/Sim101' Name='PTT-BE-Stop-2' New state='Working' Instrument='MES SEP26' Action='Sell' Limit price=0 Stop price=7437.5 Quantity=7 Type='Stop Market' Time in force=DAY Oco='PTT-BE-Sim1-29750-1' Filled=0 Fill price=0 Error='No error' Native error='',
7/28/2026 12:17:28 AM,Order,Order='da9326f1763f4017864da424f86cbcbd/Sim101' Name='PTT-BE-Stop-1' New state='Working' Instrument='MES SEP26' Action='Sell' Limit price=0 Stop price=7437.5 Quantity=6 Type='Stop Market' Time in force=DAY Oco='PTT-BE-Sim1-29750-0' Filled=0 Fill price=0 Error='No error' Native error='',
7/28/2026 12:17:23 AM,Order,Order='0c23fff9678e4e239a623935b938bb76/Sim101' Name='PTT-BE-Target-2' New state='Working' Instrument='MES SEP26' Action='Sell' Limit price=7440.5 Stop price=0 Quantity=7 Type='Limit' Time in force=GTC Oco='PTT-BE-Sim1-29750-1' Filled=0 Fill price=0 Error='No error' Native error='',
7/28/2026 12:17:23 AM,Order,Order='0c23fff9678e4e239a623935b938bb76/Sim101' Name='PTT-BE-Target-2' New state='Accepted' Instrument='MES SEP26' Action='Sell' Limit price=7440.5 Stop price=0 Quantity=7 Type='Limit' Time in force=GTC Oco='PTT-BE-Sim1-29750-1' Filled=0 Fill price=0 Error='No error' Native error='',
7/28/2026 12:17:23 AM,Order,Order='6897f116825b4b7ab7205b80b5e58a63/Sim101' Name='PTT-BE-Stop-2' New state='Accepted' Instrument='MES SEP26' Action='Sell' Limit price=0 Stop price=7437.5 Quantity=7 Type='Stop Market' Time in force=DAY Oco='PTT-BE-Sim1-29750-1' Filled=0 Fill price=0 Error='No error' Native error='',
7/28/2026 12:17:23 AM,Order,Order='e0b7ac3043b446819f679fa1084fb90c/Sim101' Name='PTT-BE-Target-1' New state='Working' Instrument='MES SEP26' Action='Sell' Limit price=7440 Stop price=0 Quantity=6 Type='Limit' Time in force=GTC Oco='PTT-BE-Sim1-29750-0' Filled=0 Fill price=0 Error='No error' Native error='',
7/28/2026 12:17:23 AM,Order,Order='e0b7ac3043b446819f679fa1084fb90c/Sim101' Name='PTT-BE-Target-1' New state='Accepted' Instrument='MES SEP26' Action='Sell' Limit price=7440 Stop price=0 Quantity=6 Type='Limit' Time in force=GTC Oco='PTT-BE-Sim1-29750-0' Filled=0 Fill price=0 Error='No error' Native error='',
7/28/2026 12:17:23 AM,Order,Order='da9326f1763f4017864da424f86cbcbd/Sim101' Name='PTT-BE-Stop-1' New state='Accepted' Instrument='MES SEP26' Action='Sell' Limit price=0 Stop price=7437.5 Quantity=6 Type='Stop Market' Time in force=DAY Oco='PTT-BE-Sim1-29750-0' Filled=0 Fill price=0 Error='No error' Native error='',
7/28/2026 12:17:23 AM,Order,Order='852abe5d1c6348a288215e7db771aa96/Sim101' Name='Target2' New state='Cancelled' Instrument='MES SEP26' Action='Sell' Limit price=7440.5 Stop price=0 Quantity=7 Type='Limit' Time in force=GTC Oco='ec9b15c072dd460a8d40c758003cf62e' Filled=0 Fill price=0 Error='No error' Native error='',
7/28/2026 12:17:23 AM,Order,Order='58964b24d89d4b57bff4dce8716e0451/Sim101' Name='Stop2' New state='Cancelled' Instrument='MES SEP26' Action='Sell' Limit price=0 Stop price=7431.5 Quantity=7 Type='Stop Market' Time in force=GTC Oco='ec9b15c072dd460a8d40c758003cf62e' Filled=0 Fill price=0 Error='No error' Native error='',
7/28/2026 12:17:23 AM,Order,Order='1e59ea667a524791a9e6e38cf3276fe6/Sim101' Name='Stop1' New state='Cancelled' Instrument='MES SEP26' Action='Sell' Limit price=0 Stop price=7431.5 Quantity=6 Type='Stop Market' Time in force=GTC Oco='d7d8798f26b84c659826500496047dcc' Filled=0 Fill price=0 Error='No error' Native error='',
7/28/2026 12:17:23 AM,Order,Order='7cbc95f234434d849880dc6fddabf371/Sim101' Name='Target1' New state='Cancelled' Instrument='MES SEP26' Action='Sell' Limit price=7440 Stop price=0 Quantity=6 Type='Limit' Time in force=GTC Oco='d7d8798f26b84c659826500496047dcc' Filled=0 Fill price=0 Error='No error' Native error='',
7/28/2026 12:17:23 AM,Order,Order='0c23fff9678e4e239a623935b938bb76/Sim101' Name='PTT-BE-Target-2' New state='Submitted' Instrument='MES SEP26' Action='Sell' Limit price=7440.5 Stop price=0 Quantity=7 Type='Limit' Time in force=GTC Oco='PTT-BE-Sim1-29750-1' Filled=0 Fill price=0 Error='No error' Native error='',
7/28/2026 12:17:23 AM,Order,Order='6897f116825b4b7ab7205b80b5e58a63/Sim101' Name='PTT-BE-Stop-2' New state='Submitted' Instrument='MES SEP26' Action='Sell' Limit price=0 Stop price=7437.5 Quantity=7 Type='Stop Market' Time in force=DAY Oco='PTT-BE-Sim1-29750-1' Filled=0 Fill price=0 Error='No error' Native error='',
7/28/2026 12:17:23 AM,Order,Order='e0b7ac3043b446819f679fa1084fb90c/Sim101' Name='PTT-BE-Target-1' New state='Submitted' Instrument='MES SEP26' Action='Sell' Limit price=7440 Stop price=0 Quantity=6 Type='Limit' Time in force=GTC Oco='PTT-BE-Sim1-29750-0' Filled=0 Fill price=0 Error='No error' Native error='',
7/28/2026 12:17:23 AM,Order,Order='da9326f1763f4017864da424f86cbcbd/Sim101' Name='PTT-BE-Stop-1' New state='Submitted' Instrument='MES SEP26' Action='Sell' Limit price=0 Stop price=7437.5 Quantity=6 Type='Stop Market' Time in force=DAY Oco='PTT-BE-Sim1-29750-0' Filled=0 Fill price=0 Error='No error' Native error='',
7/28/2026 12:17:23 AM,Order,Order='852abe5d1c6348a288215e7db771aa96/Sim101' Name='Target2' New state='Cancel submitted' Instrument='MES SEP26' Action='Sell' Limit price=7440.5 Stop price=0 Quantity=7 Type='Limit' Time in force=GTC Oco='ec9b15c072dd460a8d40c758003cf62e' Filled=0 Fill price=0 Error='No error' Native error='',
7/28/2026 12:17:23 AM,Order,Order='7cbc95f234434d849880dc6fddabf371/Sim101' Name='Target1' New state='Cancel submitted' Instrument='MES SEP26' Action='Sell' Limit price=7440 Stop price=0 Quantity=6 Type='Limit' Time in force=GTC Oco='d7d8798f26b84c659826500496047dcc' Filled=0 Fill price=0 Error='No error' Native error='',
7/28/2026 12:17:23 AM,Order,Order='58964b24d89d4b57bff4dce8716e0451/Sim101' Name='Stop2' New state='Cancel submitted' Instrument='MES SEP26' Action='Sell' Limit price=0 Stop price=7431.5 Quantity=7 Type='Stop Market' Time in force=GTC Oco='ec9b15c072dd460a8d40c758003cf62e' Filled=0 Fill price=0 Error='No error' Native error='',
7/28/2026 12:17:23 AM,Order,Order='1e59ea667a524791a9e6e38cf3276fe6/Sim101' Name='Stop1' New state='Cancel submitted' Instrument='MES SEP26' Action='Sell' Limit price=0 Stop price=7431.5 Quantity=6 Type='Stop Market' Time in force=GTC Oco='d7d8798f26b84c659826500496047dcc' Filled=0 Fill price=0 Error='No error' Native error='',
7/28/2026 12:17:17 AM,Order,Order='5a7c232cf0764504b72a9f9f9ec9b18b/Sim102' Name='Target2' New state='Working' Instrument='MES SEP26' Action='Buy to cover' Limit price=7434.5 Stop price=0 Quantity=7 Type='Limit' Time in force=GTC Oco='7cebd081196546c78ba5bf91665258c4' Filled=0 Fill price=0 Error='No error' Native error='',
7/28/2026 12:17:17 AM,Order,Order='5a7c232cf0764504b72a9f9f9ec9b18b/Sim102' Name='Target2' New state='Accepted' Instrument='MES SEP26' Action='Buy to cover' Limit price=7434.5 Stop price=0 Quantity=7 Type='Limit' Time in force=GTC Oco='7cebd081196546c78ba5bf91665258c4' Filled=0 Fill price=0 Error='No error' Native error='',
7/28/2026 12:17:17 AM,Order,Order='c5f03c759c6244d4896e9c71323299d9/Sim102' Name='Stop2' New state='Accepted' Instrument='MES SEP26' Action='Buy to cover' Limit price=0 Stop price=7443.5 Quantity=7 Type='Stop Market' Time in force=GTC Oco='7cebd081196546c78ba5bf91665258c4' Filled=0 Fill price=0 Error='No error' Native error='',
7/28/2026 12:17:17 AM,Order,Order='70c4956937774d688896da07f18ecbdd/Sim102' Name='Target1' New state='Working' Instrument='MES SEP26' Action='Buy to cover' Limit price=7435 Stop price=0 Quantity=6 Type='Limit' Time in force=GTC Oco='ae68e9f915a34b0bada5f7a586ca1afb' Filled=0 Fill price=0 Error='No error' Native error='',
7/28/2026 12:17:17 AM,Order,Order='70c4956937774d688896da07f18ecbdd/Sim102' Name='Target1' New state='Accepted' Instrument='MES SEP26' Action='Buy to cover' Limit price=7435 Stop price=0 Quantity=6 Type='Limit' Time in force=GTC Oco='ae68e9f915a34b0bada5f7a586ca1afb' Filled=0 Fill price=0 Error='No error' Native error='',
7/28/2026 12:17:17 AM,Order,Order='e3160854358f490ab92049d613e8b28d/Sim102' Name='Stop1' New state='Accepted' Instrument='MES SEP26' Action='Buy to cover' Limit price=0 Stop price=7443.5 Quantity=6 Type='Stop Market' Time in force=GTC Oco='ae68e9f915a34b0bada5f7a586ca1afb' Filled=0 Fill price=0 Error='No error' Native error='',
7/28/2026 12:17:17 AM,Order,Order='5a7c232cf0764504b72a9f9f9ec9b18b/Sim102' Name='Target2' New state='Submitted' Instrument='MES SEP26' Action='Buy to cover' Limit price=7434.5 Stop price=0 Quantity=7 Type='Limit' Time in force=GTC Oco='7cebd081196546c78ba5bf91665258c4' Filled=0 Fill price=0 Error='No error' Native error='',
7/28/2026 12:17:17 AM,Order,Order='c5f03c759c6244d4896e9c71323299d9/Sim102' Name='Stop2' New state='Submitted' Instrument='MES SEP26' Action='Buy to cover' Limit price=0 Stop price=7443.5 Quantity=7 Type='Stop Market' Time in force=GTC Oco='7cebd081196546c78ba5bf91665258c4' Filled=0 Fill price=0 Error='No error' Native error='',
7/28/2026 12:17:17 AM,Order,Order='70c4956937774d688896da07f18ecbdd/Sim102' Name='Target1' New state='Submitted' Instrument='MES SEP26' Action='Buy to cover' Limit price=7435 Stop price=0 Quantity=6 Type='Limit' Time in force=GTC Oco='ae68e9f915a34b0bada5f7a586ca1afb' Filled=0 Fill price=0 Error='No error' Native error='',
7/28/2026 12:17:17 AM,Order,Order='e3160854358f490ab92049d613e8b28d/Sim102' Name='Stop1' New state='Submitted' Instrument='MES SEP26' Action='Buy to cover' Limit price=0 Stop price=7443.5 Quantity=6 Type='Stop Market' Time in force=GTC Oco='ae68e9f915a34b0bada5f7a586ca1afb' Filled=0 Fill price=0 Error='No error' Native error='',
7/28/2026 12:17:17 AM,Position,Instrument='MES SEP26' Account='Sim102' Average price=7437.5 Quantity=13 Market position=Short Operation=Operation_Add,
7/28/2026 12:17:17 AM,Execution,Execution='2c0fd83c02b94fa6957fc08e7e86e730' Instrument='MES SEP26' Account='Sim102' Exchange=Default Price=7437.5 Quantity=13 Market position=Short Operation=Operation_Add Order='e7d9fe579dd94ebfb3b14be9415d6ad0' Time='7/28/2026 12:17 AM',
7/28/2026 12:17:17 AM,Order,Order='e7d9fe579dd94ebfb3b14be9415d6ad0/Sim102' Name='Entry' New state='Filled' Instrument='MES SEP26' Action='Sell' Limit price=0 Stop price=0 Quantity=13 Type='Market' Time in force=GTC Oco='' Filled=13 Fill price=7437.5 Error='No error' Native error='',
7/28/2026 12:17:17 AM,Order,Order='e7d9fe579dd94ebfb3b14be9415d6ad0/Sim102' Name='Entry' New state='Working' Instrument='MES SEP26' Action='Sell' Limit price=0 Stop price=0 Quantity=13 Type='Market' Time in force=GTC Oco='' Filled=0 Fill price=0 Error='No error' Native error='',
7/28/2026 12:17:17 AM,Order,Order='e7d9fe579dd94ebfb3b14be9415d6ad0/Sim102' Name='Entry' New state='Accepted' Instrument='MES SEP26' Action='Sell' Limit price=0 Stop price=0 Quantity=13 Type='Market' Time in force=GTC Oco='' Filled=0 Fill price=0 Error='No error' Native error='',
7/28/2026 12:17:17 AM,Order,Order='e7d9fe579dd94ebfb3b14be9415d6ad0/Sim102' Name='Entry' New state='Submitted' Instrument='MES SEP26' Action='Sell' Limit price=0 Stop price=0 Quantity=13 Type='Market' Time in force=GTC Oco='' Filled=0 Fill price=0 Error='No error' Native error='',
7/28/2026 12:17:17 AM,Order,Chart Trader submitting order with strategy 'MES MIN SL6 - 2' (Ticks),
7/28/2026 12:17:16 AM,Order,Order='852abe5d1c6348a288215e7db771aa96/Sim101' Name='Target2' New state='Working' Instrument='MES SEP26' Action='Sell' Limit price=7440.5 Stop price=0 Quantity=7 Type='Limit' Time in force=GTC Oco='ec9b15c072dd460a8d40c758003cf62e' Filled=0 Fill price=0 Error='No error' Native error='',
7/28/2026 12:17:16 AM,Order,Order='852abe5d1c6348a288215e7db771aa96/Sim101' Name='Target2' New state='Accepted' Instrument='MES SEP26' Action='Sell' Limit price=7440.5 Stop price=0 Quantity=7 Type='Limit' Time in force=GTC Oco='ec9b15c072dd460a8d40c758003cf62e' Filled=0 Fill price=0 Error='No error' Native error='',
7/28/2026 12:17:16 AM,Order,Order='58964b24d89d4b57bff4dce8716e0451/Sim101' Name='Stop2' New state='Accepted' Instrument='MES SEP26' Action='Sell' Limit price=0 Stop price=7431.5 Quantity=7 Type='Stop Market' Time in force=GTC Oco='ec9b15c072dd460a8d40c758003cf62e' Filled=0 Fill price=0 Error='No error' Native error='',
7/28/2026 12:17:16 AM,Order,Order='7cbc95f234434d849880dc6fddabf371/Sim101' Name='Target1' New state='Working' Instrument='MES SEP26' Action='Sell' Limit price=7440 Stop price=0 Quantity=6 Type='Limit' Time in force=GTC Oco='d7d8798f26b84c659826500496047dcc' Filled=0 Fill price=0 Error='No error' Native error='',
7/28/2026 12:17:16 AM,Order,Order='7cbc95f234434d849880dc6fddabf371/Sim101' Name='Target1' New state='Accepted' Instrument='MES SEP26' Action='Sell' Limit price=7440 Stop price=0 Quantity=6 Type='Limit' Time in force=GTC Oco='d7d8798f26b84c659826500496047dcc' Filled=0 Fill price=0 Error='No error' Native error='',
7/28/2026 12:17:16 AM,Order,Order='1e59ea667a524791a9e6e38cf3276fe6/Sim101' Name='Stop1' New state='Accepted' Instrument='MES SEP26' Action='Sell' Limit price=0 Stop price=7431.5 Quantity=6 Type='Stop Market' Time in force=GTC Oco='d7d8798f26b84c659826500496047dcc' Filled=0 Fill price=0 Error='No error' Native error='',
7/28/2026 12:17:16 AM,Order,Order='852abe5d1c6348a288215e7db771aa96/Sim101' Name='Target2' New state='Submitted' Instrument='MES SEP26' Action='Sell' Limit price=7440.5 Stop price=0 Quantity=7 Type='Limit' Time in force=GTC Oco='ec9b15c072dd460a8d40c758003cf62e' Filled=0 Fill price=0 Error='No error' Native error='',
7/28/2026 12:17:16 AM,Order,Order='58964b24d89d4b57bff4dce8716e0451/Sim101' Name='Stop2' New state='Submitted' Instrument='MES SEP26' Action='Sell' Limit price=0 Stop price=7431.5 Quantity=7 Type='Stop Market' Time in force=GTC Oco='ec9b15c072dd460a8d40c758003cf62e' Filled=0 Fill price=0 Error='No error' Native error='',
7/28/2026 12:17:16 AM,Order,Order='7cbc95f234434d849880dc6fddabf371/Sim101' Name='Target1' New state='Submitted' Instrument='MES SEP26' Action='Sell' Limit price=7440 Stop price=0 Quantity=6 Type='Limit' Time in force=GTC Oco='d7d8798f26b84c659826500496047dcc' Filled=0 Fill price=0 Error='No error' Native error='',
7/28/2026 12:17:16 AM,Order,Order='1e59ea667a524791a9e6e38cf3276fe6/Sim101' Name='Stop1' New state='Submitted' Instrument='MES SEP26' Action='Sell' Limit price=0 Stop price=7431.5 Quantity=6 Type='Stop Market' Time in force=GTC Oco='d7d8798f26b84c659826500496047dcc' Filled=0 Fill price=0 Error='No error' Native error='',
7/28/2026 12:17:16 AM,Position,Instrument='MES SEP26' Account='Sim101' Average price=7437.5 Quantity=13 Market position=Long Operation=Operation_Add,
7/28/2026 12:17:16 AM,Execution,Execution='f2b79c20924940368897cc23b6ad8ee7' Instrument='MES SEP26' Account='Sim101' Exchange=Default Price=7437.5 Quantity=13 Market position=Long Operation=Operation_Add Order='937a96a35d474b4c9169e734f4fe4fb4' Time='7/28/2026 12:17 AM',
7/28/2026 12:17:16 AM,Order,Order='937a96a35d474b4c9169e734f4fe4fb4/Sim101' Name='Entry' New state='Filled' Instrument='MES SEP26' Action='Buy' Limit price=0 Stop price=0 Quantity=13 Type='Market' Time in force=GTC Oco='' Filled=13 Fill price=7437.5 Error='No error' Native error='',
7/28/2026 12:17:16 AM,Order,Order='937a96a35d474b4c9169e734f4fe4fb4/Sim101' Name='Entry' New state='Working' Instrument='MES SEP26' Action='Buy' Limit price=0 Stop price=0 Quantity=13 Type='Market' Time in force=GTC Oco='' Filled=0 Fill price=0 Error='No error' Native error='',
7/28/2026 12:17:16 AM,Order,Order='937a96a35d474b4c9169e734f4fe4fb4/Sim101' Name='Entry' New state='Accepted' Instrument='MES SEP26' Action='Buy' Limit price=0 Stop price=0 Quantity=13 Type='Market' Time in force=GTC Oco='' Filled=0 Fill price=0 Error='No error' Native error='',
7/28/2026 12:17:16 AM,Order,Order='937a96a35d474b4c9169e734f4fe4fb4/Sim101' Name='Entry' New state='Submitted' Instrument='MES SEP26' Action='Buy' Limit price=0 Stop price=0 Quantity=13 Type='Market' Time in force=GTC Oco='' Filled=0 Fill price=0 Error='No error' Native error='',
7/28/2026 12:17:15 AM,Order,Chart Trader submitting order with strategy 'MES MIN SL6 - 1' (Ticks),
7/28/2026 12:11:54 AM,Connection,Using HDS (hds-us-nt-008.ninjatrader.com/31655),
7/28/2026 12:11:54 AM,Connection,Time to auto close position='12:00:00 AM' Enabled=False,
7/28/2026 12:11:54 AM,Connection,My Rithmic for NinjaTrader Brokerage: Primary connection=Connected Price feed=Connected,
7/28/2026 12:11:31 AM,Default,Restoring workspace 'Testing'...,
7/28/2026 12:11:25 AM,Default,Restoring workspace '3'...,
7/28/2026 12:11:24 AM,Default,Auto close enabled=False,
7/28/2026 12:11:24 AM,Order,Order entry hot keys disabled,
7/28/2026 12:11:23 AM,Connection,My Rithmic for NinjaTrader Brokerage: Primary connection=Connecting Price feed=Connecting,
7/28/2026 12:11:23 AM,Default,Auto connecting 'My Rithmic for NinjaTrader Brokerage'...,
7/28/2026 12:11:23 AM,Default,Automated trading disabled,
7/28/2026 12:11:23 AM,Connection,Using IS (is-us-nt-006.ninjatrader.com/31658),
7/28/2026 12:11:19 AM,Default,Global simulation mode disabled,
7/28/2026 12:10:55 AM,Default,Session Break (Version 8.1.7.2),
7/28/2026 12:04:51 AM,Connection,My Rithmic for NinjaTrader Brokerage: Primary connection=Disconnected Price feed=Disconnected,
7/28/2026 12:04:51 AM,Connection,My Rithmic for NinjaTrader Brokerage: Primary connection=Disconnecting Price feed=Disconnecting,
7/28/2026 12:04:49 AM,Default,Workspace Testing not saved,
7/28/2026 12:04:48 AM,Default,Workspace 3 not saved,
